,0.00,0.10,0.20,0.30,0.40,0.50,0.60,0.70,0.80,0.90,1.00,1.25,1.50,1.75,2.00,2.25,2.50,2.75,3.00,3.25,3.50,3.75,4.00,4.25,4.50,4.75,5.00,5.25,5.50,5.75,6.00,6.25,6.50,6.75,7.00,7.25,7.50,7.75,8.00,8.25,8.50,8.75,9.00,9.25,9.50,9.75,10.00
2009/01/01,,,,,,,,,,,,,,,,,,,,,,,,,,,,,,,,,,,,,,,,,,,,,,,
2009/01/02,,,,,,,,,,,,,,,,,,,,,,,,,,,,,,,,,,,,,,,,,,,,,,,
2009/01/03,,,,,,,,,,,,,,,,,,,,,,,,,,,,,,,,,,,,,,,,,,,,,,,
2009/01/04,,,,,,,,,,,,,,,,,,,,,,,,,,,,,,,,,,,,,,,,,,,,,,,
2009/01/05,,,,,,,,,,,,,,,,,,,,,,,,,,,,,,,,,,,,,,,,,,,,,,,
2009/01/06,,,,,,,,,,,,,,,,,,,,,,,,,,,,,,,,,,,,,,,,,,,,,,,
2009/01/07,,,,,,,,,,,,,,,,,,,,,,,,,,,,,,,,,,,,,,,,,,,,,,,
2009/01/08,,,,,,,,,,,,,,,,,,,,,,,,,,,,,,,,,,,,,,,,,,,,,,,
2009/01/09,,,,,,,,,,,,,,,,,,,,,,,,,,,,,,,,,,,,,,,,,,,,,,,
2009/01/10,,,,,,,,,,,,,,,,,,,,,,,,,,,,,,,,,,,,,,,,,,,,,,,
2009/01/11,,,,,,,,,,,,,,,,,,,,,,,,,,,,,,,,,,,,,,,,,,,,,,,
2009/01/12,,,,,,,,,,,,,,,,,,,,,,,,,,,,,,,,,,,,,,,,,,,,,,,
2009/01/13,,,,,,,,,,,,,,,,,,,,,,,,,,,,,,,,,,,,,,,,,,,,,,,
2009/01/14,,,,,,,,,,,,,,,,,,,,,,,,,,,,,,,,,,,,,,,,,,,,,,,
2009/01/15,,,,,,,,,,,,,,,,,,,,,,,,,,,,,,,,,,,,,,,,,,,,,,,
2009/01/16,,,,,,,,,,,,,,,,,,,,,,,,,,,,,,,,,,,,,,,,,,,,,,,
2009/01/17,,,,,,,,,,,,,,,,,,,,,,,,,,,,,,,,,,,,,,,,,,,,,,,
2009/01/18,,,,,,,,,,,,,,,,,,,,,,,,,,,,,,,,,,,,,,,,,,,,,,,
2009/01/19,,,,,,,,,,,,,,,,,,,,,,,,,,,,,,,,,,,,,,,,,,,,,,,
2009/01/20,,,,,,,,,,,,,,,,,,,,,,,,,,,,,,,,,,,,,,,,,,,,,,,
2009/01/21,,,,,,,,,,,,,,,,,,,,,,,,,,,,,,,,,,,,,,,,,,,,,,,
2009/01/22,,,,,,,,,,,,,,,,,,,,,,,,,,,,,,,,,,,,,,,,,,,,,,,
2009/01/23,,,,,,,,,,,,,,,,,,,,,,,,,,,,,,,,,,,,,,,,,,,,,,,
2009/01/24,,,,,,,,,,,,,,,,,,,,,,,,,,,,,,,,,,,,,,,,,,,,,,,
2009/01/25,,,,,,,,,,,,,,,,,,,,,,,,,,,,,,,,,,,,,,,,,,,,,,,
2009/01/26,,,,,,,,,,,,,,,,,,,,,,,,,,,,,,,,,,,,,,,,,,,,,,,
2009/01/27,,,,,,,,,,,,,,,,,,,,,,,,,,,,,,,,,,,,,,,,,,,,,,,
2009/01/28,,,,,,,,,,,,,,,,,,,,,,,,,,,,,,,,,,,,,,,,,,,,,,,
2009/01/29,,,,,,,,,,,,,,,,,,,,,,,,,,,,,,,,,,,,,,,,,,,,,,,
2009/01/30,,,,,,,,,,,,,,,,,,,,,,,,,,,,,,,,,,,,,,,,,,,,,,,
2009/01/31,,,,,,,,,,,,,,,,,,,,,,,,,,,,,,,,,,,,,,,,,,,,,,,
2009/02/01,,,,,,,,,,,,,,,,,,,,,,,,,,,,,,,,,,,,,,,,,,,,,,,
2009/02/02,,,,,,,,,,,,,,,,,,,,,,,,,,,,,,,,,,,,,,,,,,,,,,,
2009/02/03,,,,,,,,,,,,,,,,,,,,,,,,,,,,,,,,,,,,,,,,,,,,,,,
2009/02/04,,,,,,,,,,,,,,,,,,,,,,,,,,,,,,,,,,,,,,,,,,,,,,,
2009/02/05,,,,,,,,,,,,,,,,,,,,,,,,,,,,,,,,,,,,,,,,,,,,,,,
2009/02/06,,,,,,,,,,,,,,,,,,,,,,,,,,,,,,,,,,,,,,,,,,,,,,,
2009/02/07,,,,,,,,,,,,,,,,,,,,,,,,,,,,,,,,,,,,,,,,,,,,,,,
2009/02/08,,,,,,,,,,,,,,,,,,,,,,,,,,,,,,,,,,,,,,,,,,,,,,,
2009/02/09,,,,,,,,,,,,,,,,,,,,,,,,,,,,,,,,,,,,,,,,,,,,,,,
2009/02/10,,,,,,,,,,,,,,,,,,,,,,,,,,,,,,,,,,,,,,,,,,,,,,,
2009/02/11,,,,,,,,,,,,,,,,,,,,,,,,,,,,,,,,,,,,,,,,,,,,,,,
2009/02/12,,,,,,,,,,,,,,,,,,,,,,,,,,,,,,,,,,,,,,,,,,,,,,,
2009/02/13,,,,,,,,,,,,,,,,,,,,,,,,,,,,,,,,,,,,,,,,,,,,,,,
2009/02/14,,,,,,,,,,,,,,,,,,,,,,,,,,,,,,,,,,,,,,,,,,,,,,,
2009/02/15,,,,,,,,,,,,,,,,,,,,,,,,,,,,,,,,,,,,,,,,,,,,,,,
2009/02/16,,,,,,,,,,,,,,,,,,,,,,,,,,,,,,,,,,,,,,,,,,,,,,,
2009/02/17,,,,,,,,,,,,,,,,,,,,,,,,,,,,,,,,,,,,,,,,,,,,,,,
2009/02/18,,,,,,,,,,,,,,,,,,,,,,,,,,,,,,,,,,,,,,,,,,,,,,,
2009/02/19,,,,,,,,,,,,,,,,,,,,,,,,,,,,,,,,,,,,,,,,,,,,,,,
2009/02/20,,,,,,,,,,,,,,,,,,,,,,,,,,,,,,,,,,,,,,,,,,,,,,,
2009/02/21,,,,,,,,,,,,,,,,,,,,,,,,,,,,,,,,,,,,,,,,,,,,,,,
2009/02/22,,,,,,,,,,,,,,,,,,,,,,,,,,,,,,,,,,,,,,,,,,,,,,,
2009/02/23,,,,,,,,,,,,,,,,,,,,,,,,,,,,,,,,,,,,,,,,,,,,,,,
2009/02/24,,,,,,,,,,,,,,,,,,,,,,,,,,,,,,,,,,,,,,,,,,,,,,,
2009/02/25,,,,,84.43001,85.63804,86.84864,88.06188,87.30853,86.44982,85.58927,,,,,,,,,,,,,,,,,,,,,,,,,,,,,,,,,,,,
2009/02/26,,,,,,,,,,,,,,,,,,,,,,,,,,,,,,,,,,,,,,,,,,,,,,,
2009/02/27,,,,,,,,,,,,,,,,,,,,,,,,,,,,,,,,,,,,,,,,,,,,,,,
2009/02/28,,,,,,,84.22757,84.59345,84.55027,84.37021,84.18977,,,,,,,,,,,,,,,,,,,,,,,,,,,,,,,,,,,,
2009/03/01,,,,,,,,,,,,,,,,,,,,,,,,,,,,,,,,,,,,,,,,,,,,,,,
2009/03/02,,,,,,,,,,,,,,,,,,,,,,,,,,,,,,,,,,,,,,,,,,,,,,,
2009/03/03,,,,,,,,,,,,,,,,,,,,,,,,,,,,,,,,,,,,,,,,,,,,,,,
2009/03/04,,,,,,,,,,,,,,,,,,,,,,,,,,,,,,,,,,,,,,,,,,,,,,,
2009/03/05,,,,,,,,,,,,,,,,,,,,,,,,,,,,,,,,,,,,,,,,,,,,,,,
2009/03/06,,,,,,,,,,,,,,,,,,,,,,,,,,,,,,,,,,,,,,,,,,,,,,,
2009/03/07,,,,,,,,,,,,,,,,,,,,,,,,,,,,,,,,,,,,,,,,,,,,,,,
2009/03/08,,,,,,,,,,,,,,,,,,,,,,,,,,,,,,,,,,,,,,,,,,,,,,,
2009/03/09,,,,,,,,,,,,,,,,,,,,,,,,,,,,,,,,,,,,,,,,,,,,,,,
2009/03/10,,,,,,,,,,,,,,,,,,,,,,,,,,,,,,,,,,,,,,,,,,,,,,,
2009/03/11,,,,,,,,,,,,,,,84.032,84.60214,,,,,,,,,,,,,,,,,,,,,,,,,,,,,,,
2009/03/12,,,,,,,,,,,,,,,,,,,,,,,,,,,,,,,,,,,,,,,,,,,,,,,
2009/03/13,,,,,,,,,,,,,,,,,,,,,,,,,,,,,,,,,,,,,,,,,,,,,,,
2009/03/14,,,,,,,,,,,,,,,,,,,,,,,,,,,,,,,,,,,,,,,,,,,,,,,
2009/03/15,,,,,,,,,,,,,,,,,,,,,,,,,,,,,,,,,,,,,,,,,,,,,,,
2009/03/16,,,,,,,,,,,,,,,,,,,,,,,,,,,,,,,,,,,,,,,,,,,,,,,
2009/03/17,,,,,,,,,,,,,,,,,,,,,,,,,,,,,,,,,,,,,,,,,,,,,,,
2009/03/18,,,,,,,,,84.75074,84.5743,,,,,,,,,,,,,,,,,,,,,,,,,,,,,,,,,,,,,
2009/03/19,,,,,,,,,,,,,,,,,,,,,,,,,,,,,,,,,,,,,,,,,,,,,,,
2009/03/20,,,,,,,,,,,,,,,,,,,,,,,,,,,,,,,,,,,,,,,,,,,,,,,
2009/03/21,,,,,,,,,,,,,,,,,,,,,,,,,,,,,,,,,,,,,,,,,,,,,,,
2009/03/22,87.5528,87.4575,87.36207,87.26642,87.17055,87.07449,86.9782,86.88175,86.77322,86.4386,86.10329,85.26187,84.41587,,,,,,,,,,,,,,,,,,,,,,,,,,,,,,,,,,
2009/03/23,,,,,,,,,,,,,,,,,,,,,,,,,,,,,,,,,,,,,,,,,,,,,,,
2009/03/24,,,,,,,,,,,,,,,,,,,,,,,,,,,,,,,,,,,,,,,,,,,,,,,
2009/03/25,,,,,,,,,,,,,,,,,,,,,,,,,,,,,,,,,,,,,,,,,,,,,,,
2009/03/26,84.2244,84.12805,84.03145,,,,,,,,,,,,,,,,,,,,,,,,,,,,,,,,,,,,,,,,,,,,
2009/03/27,,84.19859,84.9006,85.60408,86.30905,87.01547,87.72343,88.43287,89.14381,88.87706,88.43674,87.33183,86.22092,85.10395,,,,,,,,,,,,,,,,,,,,,,,,,,,,,,,,,
2009/03/28,,,,,,,,,,,,,,,,,,,,,,,,,,,,,,,,,,,,,,,,,,,,,,,
2009/03/29,,,,,,,,,,,,,,,,,,,,,,,,,,,,,,,,,,,,,,,,,,,,,,,
2009/03/30,,,,,,,,,,,,,,,,,,,,,,,,,,,,,,,,,,,,,,,,,,,,,,,
2009/03/31,,,,,,,,,,,,,,,,,,,,,,,,,,,,,,,,,,,,,,,,,,,,,,,
2009/04/01,,,,,,,,85.05201,85.67837,84.58894,,,,,,,,,,,,,,,,,,,,,,,,,,,,,,,,,,,,,
2009/04/02,,,,,,,,,,,,,,,,,,,,,,,,,,,,,,,,,,,,,,,,,,,,,,,
2009/04/03,,,,,,,,,,,,,,,,,,,,,,,,,,,,,,,,,,,,,,,,,,,,,,,
2009/04/04,,,,,,,,,,,,,,,,,,,,,,,,,,,,,,,,,,,,,,,,,,,,,,,
2009/04/05,,,,,,,,,,,,,,,,,,,,,,,,,,,,,,,,,,,,,,,,,,,,,,,
2009/04/06,,,,,,,,,,,,,,,,,,,,,,,,,,,,,,,,,,,,,,,,,,,,,,,
2009/04/07,,,,,,,,,,,,,,,,,,,,,,,,,,,,,,,,,,,,,,,,,,,,,,,
2009/04/08,,,,,,,,84.91917,86.72131,87.22401,87.02525,86.52655,86.02519,85.52108,85.0143,84.50467,,,,,,,,,,,,,,,,,,,,,,,,,,,,,,,
2009/04/09,,,,,,,,,,,,,,,,,,,,,,,,,,,,,,,,,,,,,,,,,,,,,,,
2009/04/10,,,,,,,,,,,,,,,,,,,,,,,,,,,,,,,,,,,,,,,,,,,,,,,
2009/04/11,,,,,,,,,85.2212,86.13798,85.89484,85.28468,84.67126,84.05445,,,,,,,,,,,,,,,,,,,,,,,,,,,,,,,,,
2009/04/12,,,,,,,,,,,,,,,,,,,,,,,,,,,,,,,,,,,,,,,,,,,,,,,
2009/04/13,,,,,,,,,,,,,,,,,,,,,,,,,,,,,,,,,,,,,,,,,,,,,,,
2009/04/14,,,,,,,,,84.79758,86.33791,85.8582,84.65453,,,,,,,,,,,,,,,,,,,,,,,,,,,,,,,,,,,
2009/04/15,,,,,,,,,,,,,,,,,,,,,,,,,,,,,,,,,,,,,,,,,,,,,,,
2009/04/16,,,,,,,,,,,,,,,,,,,,,,,,,,,,,,,,,,,,,,,,,,,,,,,
2009/04/17,,,,,,,,,,,,,,,,,,,,,,,,,,,,,,,,,,,,,,,,,,,,,,,
2009/04/18,84.5157,84.64461,84.7738,84.90328,85.03302,85.16303,85.2933,85.42387,85.55467,85.56189,85.50233,85.35287,85.20262,85.05158,84.8997,84.74696,84.59338,,,,,,,,,,,,,,,,,,,,,,,,,,,,,,
2009/04/19,,,,,,,,,,,,,,,,,,,,,,,,,,,,,,,,,,,,,,,,,,,,,,,
2009/04/20,,,,,,,,,,,,,,,,,,,,,,,,,,,,,,,,,,,,,,,,,,,,,,,
2009/04/21,,,,,,,,,,,,,,,,,,,,,,,,,,,,,,,,,,,,,,,,,,,,,,,
2009/04/22,,,,,,,,,,,,,,,,,,,,,,,,,,,,,,,,,,,,,,,,,,,,,,,
2009/04/23,,,,,,,,,,,,,,,,,,,,,,,,,,,,,,,,,,,,,,,,,,,,,,,
2009/04/24,,,,,,,,,,,,,,,,,,,,,,,,,,,,,,,,,,,,,,,,,,,,,,,
2009/04/25,,,,,,,,,,,,,,,,,,,,,,,,,,,,,,,,,,,,,,,,,,,,,,,
2009/04/26,,,,,,,84.81266,86.22755,87.64542,88.77361,88.24446,86.91669,85.58185,84.23984,,,,,,,,,,,,,,,,,,,,,,,,,,,,,,,,,
2009/04/27,,,,,,,,,,,,,,,,,,,,,,,,,,,,,,,,,,,,,,,,,,,,,,,
2009/04/28,,,,,,,,,,,,,,,,,,,,,,,,,,,,,,,,,,,,,,,,,,,,,,,
2009/04/29,,,,,,,,,,,,,,,,,,,,,,,,,,,,,,,,,,,,,,,,,,,,,,,
2009/04/30,84.4332,84.203,,,,,,,,,,,,,,,,,,,,,,,,,,,,,,,,,,,,,,,,,,,,,
2009/05/01,,,,,,,,,,,,,,,,,,,,,,,,,,,,,,,,,,,,,,,,,,,,,,,
2009/05/02,,,,,,,,,,,,,,,,,,,,,,,,,,,,,,,,,,,,,,,,,,,,,,,
2009/05/03,,,,,,,,,,,,,,,,,,,,,,,,,,,,,,,,,,,,,,,,,,,,,,,
2009/05/04,,,,,,,,,,,,,,,,,,,,,,,,,,,,,,,,,,,,,,,,,,,,,,,
2009/05/05,,,,,,,,,,,,,,,,,,,,,,,,,,,,,,,,,,,,,,,,,,,,,,,
2009/05/06,,,,,,,,,,,,,,,,,,,,,,,,,,,,,,,,,,,,,,,,,,,,,,,
2009/05/07,,,,,,,,,,,,,,,,,,,,,,,,,,,,,,,,,,,,,,,,,,,,,,,
2009/05/08,,,,,,,,,,,,,,,,,,,,,,,,,,,,,,,,,,,,,,,,,,,,,,,
2009/05/09,,,,,,,,,,,,,,,,,,,,,,,,,,,,,,,,,,,,,,,,,,,,,,,
2009/05/10,,,,,,,,,,,,,84.31292,84.64017,84.96924,85.30007,85.63272,,,,,,,,,,,,,,,,,,,,,,,,,,,,,,
2009/05/11,,,,,,,,,,,,,,,,,,,,,,,,,,,,,,,,,,,,,,,,,,,,,,,
2009/05/12,84.7918,84.58172,84.37124,84.16029,,,,,,,,,,,,,84.10199,,,,,,,,,,,,,,,,,,,,,,,,,,,,,,
2009/05/13,86.521,86.65069,86.78065,86.9109,87.04141,87.1722,87.30325,87.43457,87.56615,87.48676,87.2933,86.80785,86.31989,85.82932,85.33612,84.84025,84.34164,,,,,,,,,,,,,,,,,,,,,,,,,,,,,,
2009/05/14,86.4265,86.62248,86.81886,87.01563,87.21281,87.41039,87.60839,87.80679,88.0056,87.7877,87.43021,86.53306,85.63115,84.7244,,,,,,,,,,,,,,,,,,,,,,,,,,,,,,,,,
2009/05/15,,,,,,,,,,,,,,,,,,,,,,,,,,,,,,,,,,,,,,,,,,,,,,,
2009/05/16,,,,,,,,,,,,,,,,,,,,,,,,,,,,,,,,,,,,,,,,,,,,,,,
2009/05/17,86.6965,86.71445,86.73238,86.75033,86.76835,86.7864,86.80448,86.82259,86.84074,86.80334,86.59887,86.08578,85.56993,85.05123,84.52968,84.0052,,,,,,,,,,,,,,,,,,,,,,,,,,,,,,,
2009/05/18,,,,,,,,,,,,,,,,,,,,,,,,,,,,,,,,,,,,,,,,,,,,,,,
2009/05/19,,,,,,,,,,,,,,,,,,,,,,,,,,,,,,,,,,,,,,,,,,,,,,,
2009/05/20,,,,,,,,,,,,,,,,,,,,,,,,,,,,,,,,,,,,,,,,,,,,,,,
2009/05/21,88.0585,88.06029,88.06206,88.06381,88.06559,88.06735,88.06914,88.07092,88.0727,88.07449,87.88811,87.33727,86.78349,86.22676,85.66708,85.10431,84.53844,,,,,,,,,,,,,,,,,,,,,,,,,,,,,,
2009/05/22,,,,,,,,,,,,,,,,,,,,,,,,,,,,,,,,,,,,,,,,,,,,,,,
2009/05/23,,,,,,,,85.2716,87.12473,88.86052,88.29716,86.88368,85.46283,84.03443,,,,,,,,,,,,,,,,,,,,,,,,,,,,,,,,,
2009/05/24,,,,,,,,,,,,,,,,,,,,,,,,,,,,,,,,,,,,,,,,,,,,,,,
2009/05/25,,,,,,,,,,,,,,,,,,,,,,,,,,,,,,,,,,,,,,,,,,,,,,,
2009/05/26,,,,,,,,,,,,84.00558,84.58514,85.16769,85.7533,86.342,86.93385,87.01605,86.58447,86.15048,85.7141,85.27523,84.83387,84.38992,,,,,,,,,,,,,,,,,,,,,,,
2009/05/27,,,,,,84.74167,85.81815,86.89686,87.97781,88.6684,88.1815,86.95986,85.73193,84.49761,,,,,,,,,,,,,,,,,,,,,,,,,,,,,,,,,
2009/05/28,,,,,,,,,,,,,,,,,,,,,,,,,,,,,,,,,,,,,,,,,,,,,,,
2009/05/29,,,,,,,,,,85.09303,85.04588,,,,,,,,,,,,,,,,,,,,,,,,,,,,,,,,,,,,
2009/05/30,,,,,,,,,84.59631,86.74307,86.94709,86.59768,86.24641,85.89323,85.53811,85.18107,84.82201,,,,,,,,,,,,,,,,,,,,,,,,,,,,,,
2009/05/31,,,,,,,,,,84.54391,84.21421,,,,,,,,,,,,,,,,,,,,,,,,,,,,,,,,,,,,
2009/06/01,,,,,,,,,,,,,,,,,,,,,,,,,,,,,,,,,,,,,,,,,,,,,,,
2009/06/02,,,,,,,,,85.04711,87.1759,86.67284,85.41058,84.14158,,,,,,,,,,,,,,,,,,,,,,,,,,,,,,,,,,
2009/06/03,,,,,,,,,,,,,,,,,,,,,,,,,,,,,,,,,,,,,,,,,,,,,,,
2009/06/04,,,,,,,,,,,,,,,,,,,,,,,,,,,,,,,,,,,,,,,,,,,,,,,
2009/06/05,,,,,,,,,,,,,,,,,,,,,,,,,,,,,,,,,,,,,,,,,,,,,,,
2009/06/06,,,,,,,,,,,,,,,,,,,,,,,,,,,,,,,,,,,,,,,,,,,,,,,
2009/06/07,,,,,,,,,,,,,,,,,,,,,,,,,,,,,,,,,,,,,,,,,,,,,,,
2009/06/08,,,,,,,,,,,,,,,,,,,,,,,,,,,,,,,,,,,,,,,,,,,,,,,
2009/06/09,,,,,,,,,,,,,,,,,,,,,,,,,,,,,,,,,,,,,,,,,,,,,,,
2009/06/10,,,,84.58,85.28244,85.98637,86.6917,87.39843,88.10667,88.81635,88.9603,88.55591,88.14941,87.74081,87.32999,86.91699,86.50176,85.80663,84.65356,,,,,,,,,,,,,,,,,,,,,,,,,,,,
2009/06/11,,,,,,,,,,,,,,,,,,,,,,,,,,,,,,,,,,,,,,,,,,,,,,,
2009/06/12,,,,,,,,,,,,,,,,,,,,,,,,,,,,,,,,,,,,,,,,,,,,,,,
2009/06/13,,,,,,,,,,,,,,,,,,,,,,,,,,,,,,,,,,,,,,,,,,,,,,,
2009/06/14,,,,,,,,,,,,,,,,,,,,,,,,,,,,,,,,,,,,,,,,,,,,,,,
2009/06/15,,,,,,,,,,,,,,,,,,,,,,,,,,,,,,,,,,,,,,,,,,,,,,,
2009/06/16,,,,,,,,,,,,,,,,,,,,,,,,,,,,,,,,,,,,,,,,,,,,,,,
2009/06/17,,,,,,,,,,,,,,,,,,,,,,,,,,,,,,,,,,,,,,,,,,,,,,,
2009/06/18,,,,,,,,,,,,,,,,,,,,,,,,,,,,,,,,,,,,,,,,,,,,,,,
2009/06/19,,,,,,,,,,,,,,,,,,,,,,,,,,,,,,,,,,,,,,,,,,,,,,,
2009/06/20,,,,,,,,,,,,,,,,,,,,,,,,,,,,,,,,,,,,,,,,,,,,,,,
2009/06/21,84.4265,84.93124,85.437,85.94382,86.45161,86.96046,87.47031,87.98122,88.49316,89.0061,87.46901,,,,,,,,,,,,,,,,,,,,,,,,,,,,,,,,,,,,
2009/06/22,,,,,84.48083,85.31301,86.14687,86.98236,87.81955,88.65845,89.08511,87.04324,84.99084,,,,,,,,,,,,,,,,,,,,,,,,,,,,,,,,,,
2009/06/23,,,,,,,,,,,,,,,,,,,,,,,,,,,,,,,,,,,,,,,,,,,,,,,
2009/06/24,,,,,,,,,,,,,,,,,,,,,,,,,,,,,,,,,,,,,,,,,,,,,,,
2009/06/25,,,,,,,84.02013,84.2025,84.38522,84.56831,84.75178,85.21207,85.67471,86.13977,86.60727,87.07725,87.54973,87.74913,86.96968,86.18594,85.3978,84.6052,,,,,,,,,,,,,,,,,,,,,,,,,
2009/06/26,,,,,,,,,85.37961,86.85283,87.93619,87.70128,87.46516,87.22781,86.98921,86.74937,86.5082,85.32536,,,,,,,,,,,,,,,,,,,,,,,,,,,,,
2009/06/27,,,,,,,,,,,,,,,,,,,,,,,,,,,,,,,,,,,,,,,,,,,,,,,
2009/06/28,,,,,,,,,,,,,,,,,,,,,,,,,,,,,,,,,,,,,,,,,,,,,,,
2009/06/29,,,,,,,,,,,,,,,,,,,,,,,,,,,,,,,,,,,,,,,,,,,,,,,
2009/06/30,,,,,,,,,84.41315,86.4335,86.57592,,,,,,,,,,,,,,,,,,,,,,,,,,,,,,,,,,,,
2009/07/01,,,,,,84.73198,85.74063,86.75135,87.76411,88.77888,88.53184,86.20631,,,,,,,,,,,,,,,,,,,,,,,,,,,,,,,,,,,
2009/07/02,,,,,,,,,,,,,,,,,,,,,,,,,,,,,,,,,,,,,,,,,,,,,,,
2009/07/03,84.137,84.84709,85.55853,86.27135,86.98563,87.70127,88.41836,89.13685,89.85684,90.57823,90.60761,90.10197,89.5937,89.08282,88.56919,88.0529,87.53381,85.35515,,,,,,,,,,,,,,,,,,,,,,,,,,,,,
2009/07/04,,,,,,,,,,,,,,,,,,,,,,,,,,,,,,,,,,,,,,,,,,,,,,,
2009/07/05,,,,,,,,,,,,,,,,,,,,,,,,,,,,,,,,,,,,,,,,,,,,,,,
2009/07/06,,,,,,,,,,84.21011,84.82342,,,,,,,,,,,,,,,,,,,,,,,,,,,,,,,,,,,,
2009/07/07,88.0625,87.75059,87.43805,87.1249,86.81112,86.49674,86.18175,85.86613,85.54987,85.23297,85.12175,85.26568,85.4103,85.55571,85.70184,85.84879,85.99646,85.7672,,,,,,,,,,,,,,,,,,,,,,,,,,,,,
2009/07/08,,,,,84.13647,84.70651,85.2777,85.85004,86.4235,86.99812,85.9202,,,,,,,,,,,,,,,,,,,,,,,,,,,,,,,,,,,,
2009/07/09,,,,,,,,,,,,,,,,,,,,,,,,,,,,,,,,,,,,,,,,,,,,,,,
2009/07/10,,,,,,,84.19491,85.79491,87.39813,89.00462,88.0876,,,,,,,,,,,,,,,,,,,,,,,,,,,,,,,,,,,,
2009/07/11,,,,,,,,,85.54741,87.52194,88.80225,,,,,,,,,,,,,,,,,,,,,,,,,,,,,,,,,,,,
2009/07/12,,84.26856,84.77671,85.28584,85.79598,86.30714,86.81934,87.33253,87.84679,88.36211,85.89295,,,,,,,,,,,,,,,,,,,,,,,,,,,,,,,,,,,,
2009/07/13,,,,,,,,,,,,,,,,,,,,,,,,,,,,,,,,,,,,,,,,,,,,,,,
2009/07/14,,,,,,,,,,,,84.5005,85.10694,85.71651,86.32927,86.94524,87.56448,88.01614,87.68959,87.36124,87.03109,86.69909,86.36521,86.0294,85.6917,85.35201,,,,,,,,,,,,,,,,,,,,,
2009/07/15,,,,,,,85.00665,86.07854,87.15257,88.22871,87.66805,,,,,,,,,,,,,,,,,,,,,,,,,,,,,,,,,,,,
2009/07/16,,,,,,,,,84.38835,85.21613,85.7735,85.90547,86.03815,86.17149,86.30552,86.44024,86.5757,86.17468,,,,,,,,,,,,,,,,,,,,,,,,,,,,,
2009/07/17,,,,,,,,,,,,,,,,,,,,,,,,,,,,,,,,,,,,,,,,,,,,,,,
2009/07/18,,,,,,,,,,,,,,,,,,,,,,,,,,,,,,,,,,,,,,,,,,,,,,,
2009/07/19,88.1451,88.2889,88.43292,88.5772,88.72181,88.86668,89.01182,89.15728,89.30301,89.44904,89.58424,89.39379,89.20238,89.00996,88.81659,88.62218,88.42674,88.23026,86.34125,84.40725,,,,,,,,,,,,,,,,,,,,,,,,,,,
2009/07/20,87.5794,87.64617,87.7131,87.7802,87.84737,87.91473,87.98218,88.04977,88.11752,88.18539,88.25339,86.12039,,,,,,,,,,,,,,,,,,,,,,,,,,,,,,,,,,,
2009/07/21,,,,,,84.60636,85.57918,86.55396,87.53065,88.50928,89.48988,,,,,,,,,,,,,,,,,,,,,,,,,,,,,,,,,,,,
2009/07/22,,,,,,,,84.55247,86.56474,88.581,89.8921,87.84853,85.79447,,,,,,,,,,,,,,,,,,,,,,,,,,,,,,,,,,
2009/07/23,,,,,,,,,,,,,,,,,,,,,,,,,,,,,,,,,,,,,,,,,,,,,,,
2009/07/24,,,,,,,,,85.2039,86.68185,87.77493,85.00896,,,,,,,,,,,,,,,,,,,,,,,,,,,,,,,,,,,
2009/07/25,,,,,,84.06796,85.21503,86.36434,87.51598,88.66999,89.26794,89.05788,88.84677,88.63453,88.42116,88.2067,87.99104,87.59293,86.54803,85.49727,84.44064,,,,,,,,,,,,,,,,,,,,,,,,,,
2009/07/26,,,,,,,,,,,,,,,,,,,,,,,,,,,,,,,,,,,,,,,,,,,,,,,
2009/07/27,,,,,,,,,,84.72465,,,,,,,,,,,,,,,,,,,,,,,,,,,,,,,,,,,,,
2009/07/28,,,,,,,,,,,,,,,,,,,,,,,,,,,,,,,,,,,,,,,,,,,,,,,
2009/07/29,,,,,,,,,,,,,,,,,,,,,,,,,,,,,,,,,,,,,,,,,,,,,,,
2009/07/30,,,,,,84.20823,85.18237,86.15849,87.13654,88.11657,88.26298,86.91669,85.56352,84.20331,,,,,,,,,,,,,,,,,,,,,,,,,,,,,,,,,
2009/07/31,,,,,,,,84.60444,85.9829,87.36409,87.89243,,,,,,,,,,,,,,,,,,,,,,,,,,,,,,,,,,,,
2009/08/01,,,,,,,84.41448,85.16109,85.90916,86.65874,87.14587,,,,,,,,,,,,,,,,,,,,,,,,,,,,,,,,,,,,
2009/08/02,90.247,90.16235,90.07746,89.99243,89.90723,89.82183,89.73629,89.65057,89.56466,89.47861,89.28487,88.57839,87.86825,87.15444,86.43695,85.71568,84.99051,,,,,,,,,,,,,,,,,,,,,,,,,,,,,,
2009/08/03,,,,,,,,,,,,,,,,,,,,,,,,,,,,,,,,,,,,,,,,,,,,,,,
2009/08/04,,,,,,,,,,,,,,,,,85.14175,,,,,,,,,,,,,,,,,,,,,,,,,,,,,,
2009/08/05,,,,,,,,,,,,,,,,,,,,,,,,,,,,,,,,,,,,,,,,,,,,,,,
2009/08/06,,,,,,,,,,,,,,,,,,,,,,,,,,,,,,,,,,,,,,,,,,,,,,,
2009/08/07,89.7891,89.81745,89.84582,89.87423,89.90272,89.93124,89.95983,89.98849,90.0172,90.04597,88.46298,,,,,,,,,,,,,,,,,,,,,,,,,,,,,,,,,,,,
2009/08/08,86.5084,86.78934,87.07085,87.35294,87.63557,87.91877,88.20254,88.48685,88.77177,89.05723,88.028,,,,,,,,,,,,,,,,,,,,,,,,,,,,,,,,,,,,
2009/08/09,85.6336,86.00059,86.36835,86.73685,87.10609,87.47607,87.84684,88.21833,88.59056,88.9636,87.43964,,,,,,,,,,,,,,,,,,,,,,,,,,,,,,,,,,,,
2009/08/10,,,,,,,,,,,,,,,,,,,,,,,,,,,,,,,,,,,,,,,,,,,,,,,
2009/08/11,,,,,,,,,,,,,,,,,,,,,,,,,,,,,,,,,,,,,,,,,,,,,,,
2009/08/12,,,,,,,,,,,,,,,,,,,,,,,,,,,,,,,,,,,,,,,,,,,,,,,
2009/08/13,,,,,,,,,,,,,,,,,,,,,,,,,,,,,,,,,,,,,,,,,,,,,,,
2009/08/14,,,,,,,,,,,,,,,,,,,,,,,,,,,,,,,,,,,,,,,,,,,,,,,
2009/08/15,,,,,,,84.70229,85.68684,86.67341,87.66198,88.35288,85.83069,,,,,,,,,,,,,,,,,,,,,,,,,,,,,,,,,,,
2009/08/16,,,,,,,,,,,,,,,,,,,,,,,,,,,,,,,,,,,,,,,,,,,,,,,
2009/08/17,,,,,,,,,,,,,,,,,,,,,,,,,,,,,,,,,,,,,,,,,,,,,,,
2009/08/18,,,,,84.08504,84.70503,85.32626,85.94876,86.57249,87.19746,87.15524,,,,,,,,,,,,,,,,,,,,,,,,,,,,,,,,,,,,
2009/08/19,,,,,,84.26244,85.31895,86.37757,87.43835,88.50129,88.9928,,,,,,,,,,,,,,,,,,,,,,,,,,,,,,,,,,,,
2009/08/20,84.1011,84.60049,85.10088,85.60221,86.10457,86.60792,87.11224,87.61759,88.12395,88.63135,88.44628,86.5601,84.66423,,,,,,,,,,,,,,,,,,,,,,,,,,,,,,,,,,
2009/08/21,,,,,,,,,,,,,,,,,,,,,,,,,,,,,,,,,,,,,,,,,,,,,,,
2009/08/22,,,,,,,,,,,,,,,,,,,,,,,,,,,,,,,,,,,,,,,,,,,,,,,
2009/08/23,,,,,,,84.00236,84.19634,84.39067,84.58542,84.78054,,,,,,,,,,,,,,,,,,,,,,,,,,,,,,,,,,,,
2009/08/24,,,,,,,,,,,,,,,,,,,,,,,,,,,,,,,,,,,,,,,,,,,,,,,
2009/08/25,86.7616,86.94788,87.13446,87.32143,87.50878,87.69646,87.88457,88.07306,88.26191,88.45113,88.56297,87.73907,86.9109,86.07844,85.24162,84.40037,,,,,,,,,,,,,,,,,,,,,,,,,,,,,,,
2009/08/26,,,,,,,,,,,,,,,,,,,,,,,,,,,,,,,,,,,,,,,,,,,,,,,
2009/08/27,,,,,,,,,,,84.04155,,,,,,,,,,,,,,,,,,,,,,,,,,,,,,,,,,,,
2009/08/28,,,,,,,,,,,,,,,,,,,,,,,,,,,,,,,,,,,,,,,,,,,,,,,
2009/08/29,,,,,,,,,,,,,,,,,,,,,,,,,,,,,,,,,,,,,,,,,,,,,,,
2009/08/30,,,,,,,,,,,,,,,,,,,,,,,,,,,,,,,,,,,,,,,,,,,,,,,
2009/08/31,,,,,,,,,,,,,,,,,,,,,,,,,,,,,,,,,,,,,,,,,,,,,,,
2009/09/01,,,,,,,,84.7339,86.12868,87.52625,88.53276,88.09595,87.65688,87.21552,86.77184,86.32582,85.87737,,,,,,,,,,,,,,,,,,,,,,,,,,,,,,
2009/09/02,86.1375,86.53127,86.9258,87.32105,87.71712,88.11395,88.51155,88.91,89.30922,89.70926,89.92648,89.6169,89.30573,88.99294,88.67851,88.36243,88.04462,87.04196,,,,,,,,,,,,,,,,,,,,,,,,,,,,,
2009/09/03,84.1692,84.11233,84.0553,,,,,,,,,,,,,,,,,,,,,,,,,,,,,,,,,,,,,,,,,,,,
2009/09/04,,,,,,,,,,,,,,,,,,,,,,,,,,,,,,,,,,,,,,,,,,,,,,,
2009/09/05,,,,,,,,,,,,,,,,,,,,,,,,,,,,,,,,,,,,,,,,,,,,,,,
2009/09/06,,,,,,,,,,,,,,,,,,,,,,,,,,,,,,,,,,,,,,,,,,,,,,,
2009/09/07,,,,,,,,,,,,,,,,,,,,,,,,,,,,,,,,,,,,,,,,,,,,,,,
2009/09/08,,,,,,,,,,,,,,,,,,,,,,,,,,,,,,,,,,,,,,,,,,,,,,,
2009/09/09,,,,,,,,,,,,,,,,,,,,,,,,,,,,,,,,,,,,,,,,,,,,,,,
2009/09/10,85.3119,85.19013,85.06814,84.94589,84.82343,84.7007,84.57773,84.45454,84.33107,84.20735,,,,,,,,,,,,,,,,,,,,,,,,,,,,,,,,,,,,,
2009/09/11,89.0403,89.00653,88.97274,88.93887,88.90494,88.87093,88.83687,88.80273,88.76851,88.73425,88.65617,86.3776,84.08733,,,,,,,,,,,,,,,,,,,,,,,,,,,,,,,,,,
2009/09/12,86.7105,86.71504,86.71961,86.72416,86.72874,86.7333,86.73792,86.74249,86.74712,86.75172,86.7342,86.37591,86.01573,85.6537,85.28979,84.92393,84.55611,,,,,,,,,,,,,,,,,,,,,,,,,,,,,,
2009/09/13,86.7519,86.9465,87.14148,87.33687,87.53263,87.72877,87.92535,88.1223,88.31966,88.51743,88.64342,88.41688,88.1892,87.96035,87.73026,87.49899,87.26644,86.04076,,,,,,,,,,,,,,,,,,,,,,,,,,,,,
2009/09/14,,,,,,,,,,,,,,,,,,,,,,,,,,,,,,,,,,,,,,,,,,,,,,,
2009/09/15,,,,,,,,,,84.1466,,,,,,,,,,,,,,,,,,,,,,,,,,,,,,,,,,,,,
2009/09/16,,,,,,,,,,,,,,,,,,,,,,,,,,,,,,,,,,,,,,,,,,,,,,,
2009/09/17,88.039,88.23805,88.43752,88.63735,88.83762,89.03827,89.2393,89.44076,89.64265,89.84488,89.8089,86.32938,,,,,,,,,,,,,,,,,,,,,,,,,,,,,,,,,,,
2009/09/18,,,,,,,,,,,,,,,,,,,,,,,,,,,,,,,,,,,,,,,,,,,,,,,
2009/09/19,86.8881,86.90053,86.91303,86.92554,86.93808,86.95066,86.96323,86.97584,86.98849,87.00116,86.7528,84.16694,,,,,,,,,,,,,,,,,,,,,,,,,,,,,,,,,,,
2009/09/20,,,,,,,,,,,,,,,,,,,,,,,,,,,,,,,,,,,,,,,,,,,,,,,
2009/09/21,,,,,,,,,,,,,,,,,,,,,,,,,,,,,,,,,,,,,,,,,,,,,,,
2009/09/22,,,,,,,,,,84.1293,85.05466,,,,,,,,,,,,,,,,,,,,,,,,,,,,,,,,,,,,
2009/09/23,,,,,,,,,,,,,,,,,,,,,,,,,,,,,,,,,,,,,,,,,,,,,,,
2009/09/24,,,,,,,,,,,,,,,,,,,,,,,,,,,,,,,,,,,,,,,,,,,,,,,
2009/09/25,84.8873,85.06926,85.25156,85.43423,85.61726,85.80067,85.98447,86.1686,86.35317,86.5381,86.58675,85.68124,84.77097,,,,,,,,,,,,,,,,,,,,,,,,,,,,,,,,,,
2009/09/26,,,,,,,,,,,,,,,,,,,,,,,,,,,,,,,,,,,,,,,,,,,,,,,
2009/09/27,,,,,,,,,,,,,,,,,,,,,,,,,,,,,,,,,,,,,,,,,,,,,,,
2009/09/28,,,,,,,,,,,,,,,,,,,,,,,,,,,,,,,,,,,,,,,,,,,,,,,
2009/09/29,,,,,,,84.46054,85.46365,86.4688,87.47598,86.50222,,,,,,,,,,,,,,,,,,,,,,,,,,,,,,,,,,,,
2009/09/30,,,,,,,,,,,,,,,,,,,,,,,,,,,,,,,,,,,,,,,,,,,,,,,
2009/10/01,,,,,,,,,,,,,,,,,,,,,,,,,,,,,,,,,,,,,,,,,,,,,,,
2009/10/02,,,,,,,,,,,,,,,,,,,,,,,,,,,,,,,,,,,,,,,,,,,,,,,
2009/10/03,84.6175,84.64175,84.66601,84.69036,84.71472,84.73917,84.76364,84.78818,84.81277,84.8374,84.77388,84.43368,84.09166,,,,,,,,,,,,,,,,,,,,,,,,,,,,,,,,,,
2009/10/04,,,,,,,,,,,,,,,,,,,,,,,,,,,,,,,,,,,,,,,,,,,,,,,
2009/10/05,,,,,,,,,,,,,,,,,,,,,,,,,,,,,,,,,,,,,,,,,,,,,,,
2009/10/06,,,,,,,,,,,,,,,,,,,,,,,,,,,,,,,,,,,,,,,,,,,,,,,
2009/10/07,88.7784,88.85947,88.94066,89.02201,89.10355,89.18523,89.26709,89.34913,89.43131,89.51369,86.8377,,,,,,,,,,,,,,,,,,,,,,,,,,,,,,,,,,,,
2009/10/08,87.9599,87.88654,87.81296,87.73924,87.66537,87.59135,87.5172,87.44286,87.36839,87.29609,87.23076,87.06676,86.90193,86.73621,86.56957,86.40208,86.23363,85.74698,85.09374,84.43684,,,,,,,,,,,,,,,,,,,,,,,,,,,
2009/10/09,89.7064,89.69359,89.68079,89.66795,89.65509,89.6422,89.62928,89.61636,89.6034,89.33009,88.27442,85.62568,,,,,,,,,,,,,,,,,,,,,,,,,,,,,,,,,,,
2009/10/10,87.612,87.49413,87.37605,87.25774,87.13918,87.02037,86.90132,86.78201,86.66247,86.54292,86.42796,86.13947,85.84942,85.55785,85.26466,84.96986,84.6734,,,,,,,,,,,,,,,,,,,,,,,,,,,,,,
2009/10/11,85.5629,85.42981,85.29642,85.16272,85.02876,84.89452,84.76003,84.62523,84.49017,84.3548,,,,,,,,,,,,,,,,,,,,,,,,,,,,,,,,,,,,,
2009/10/12,,,,,,,,,84.1226,84.70316,84.7594,84.46136,84.16171,,,,,,,,,,,,,,,,,,,,,,,,,,,,,,,,,,
2009/10/13,,,,,,84.34422,84.77908,85.21486,85.65154,86.08915,86.00467,85.35567,84.70318,84.04709,,,,,,,,,,,,,,,,,,,,,,,,,,,,,,,,,
2009/10/14,,,,,,,,,,,,,,,,,,,,,,,,,,,,,,,,,,,,,,,,,,,,,,,
2009/10/15,,,,,,,,,,,,,,,,,,,,,,,,,,,,,,,,,,,,,,,,,,,,,,,
2009/10/16,,,,,,,,,,,,,,,,,,,,,,,,,,,,,,,,,,,,,,,,,,,,,,,
2009/10/17,,,,,,,,,85.47866,85.58775,,,,,,,,,,,,,,,,,,,,,,,,,,,,,,,,,,,,,
2009/10/18,,,,,,,,,,,,,,,,,,,,,,,,,,,,,,,,,,,,,,,,,,,,,,,
2009/10/19,,,,,,,,,,,,,,,,,,,,,,,,,,,,,,,,,,,,,,,,,,,,,,,
2009/10/20,,,,,,,,,,,,,,,,,,,,,,,,,,,,,,,,,,,,,,,,,,,,,,,
2009/10/21,,,,,,,,,,,,,,,,,,,,,,,,,,,,,,,,,,,,,,,,,,,,,,,
2009/10/22,,,,,,,,,,,,,,,,,,,,,,,,,,,,,,,,,,,,,,,,,,,,,,,
2009/10/23,,,,,,,,,,,,,,,,,,,,,,,,,,,,,,,,,,,,,,,,,,,,,,,
2009/10/24,,,,,,,,,,,,,,,,,,,,,,,,,,,,,,,,,,,,,,,,,,,,,,,
2009/10/25,,,,,,,,,,,,,,,,,,,,,,,,,,,,,,,,,,,,,,,,,,,,,,,
2009/10/26,,,,,,,,,,,,,,,,,,,,,,,,,,,,,,,,,,,,,,,,,,,,,,,
2009/10/27,,,,,,,,,,,,,,,,,,,,,,,,,,,,,,,,,,,,,,,,,,,,,,,
2009/10/28,,,,,,,,,,,,,,,,,,,,,,,,,,,,,,,,,,,,,,,,,,,,,,,
2009/10/29,,,,,,,,,,,,,,,,,,,,,,,,,,,,,,,,,,,,,,,,,,,,,,,
2009/10/30,,,,,,,,,,,,,,,,,,,,,,,,,,,,,,,,,,,,,,,,,,,,,,,
2009/10/31,,,,,,,,,,,,,,,,,,,,,,,,,,,,,,,,,,,,,,,,,,,,,,,
2009/11/01,,,,,,,,,,,,,,,,,,,,,,,,,,,,,,,,,,,,,,,,,,,,,,,
2009/11/02,,,,,,,,,,,,,,,,,,,,,,,,,,,,,,,,,,,,,,,,,,,,,,,
2009/11/03,,,,,,,,,,,,,,,,,,,,,,,,,,,,,,,,,,,,,,,,,,,,,,,
2009/11/04,,,,,,,,,,,,,,,,,,,,,,,,,,,,,,,,,,,,,,,,,,,,,,,
2009/11/05,,,,,,,,,,,,,,,,,,,,,,,,,,,,,,,,,,,,,,,,,,,,,,,
2009/11/06,,,,,,,,,,,,,,,,,,,,,,,,,,,,,,,,,,,,,,,,,,,,,,,
2009/11/07,,,,,,,,,,,,,,,,,,,,,,,,,,,,,,,,,,,,,,,,,,,,,,,
2009/11/08,,,,,,,,,,,,,,,,,,,,,,,,,,,,,,,,,,,,,,,,,,,,,,,
2009/11/09,,,,,,,,,,,,,,,,,,,,,,,,,,,,,,,,,,,,,,,,,,,,,,,
2009/11/10,,,,,,,,,,,,,,,,,,,,,,,,,,,,,,,,,,,,,,,,,,,,,,,
2009/11/11,84.6573,84.56305,84.46859,84.37392,84.27907,84.18401,84.08874,,,,,,,,,,,,,,,,,,,,,,,,,,,,,,,,,,,,,,,,
2009/11/12,,,,,,,,,,,,,,,,,,,,,,,,,,,,,,,,,,,,,,,,,,,,,,,
2009/11/13,,,,,,,,,,,,,,,,,,,,,,,,,,,,,,,,,,,,,,,,,,,,,,,
2009/11/14,,,,,,,,,,,,,,,,,,,,,,,,,,,,,,,,,,,,,,,,,,,,,,,
2009/11/15,84.0637,84.23901,84.41467,84.59071,84.76714,84.94394,85.1211,85.29865,84.6072,,,,,,,,,,,,,,,,,,,,,,,,,,,,,,,,,,,,,,
2009/11/16,,,,,,,,,,,,,,,,,,,,,,,,,,,,,,,,,,,,,,,,,,,,,,,
2009/11/17,,,,,,,,,,,,,,,,,,,,,,,,,,,,,,,,,,,,,,,,,,,,,,,
2009/11/18,,,,,,,,,,,,,,,,,,,,,,,,,,,,,,,,,,,,,,,,,,,,,,,
2009/11/19,,,,,,,,,,,,,,,,,,,,,,,,,,,,,,,,,,,,,,,,,,,,,,,
2009/11/20,,,,,,,,,,,,,,,,,,,,,,,,,,,,,,,,,,,,,,,,,,,,,,,
2009/11/21,,,,,,,,,,,,,,,,,,,,,,,,,,,,,,,,,,,,,,,,,,,,,,,
2009/11/22,,,,,,,,,,,,,,,,,,,,,,,,,,,,,,,,,,,,,,,,,,,,,,,
2009/11/23,,,,,,,,,,,,,,,,,,,,,,,,,,,,,,,,,,,,,,,,,,,,,,,
2009/11/24,,,,,,,,,,,,,,,,,,,,,,,,,,,,,,,,,,,,,,,,,,,,,,,
2009/11/25,,,,,,,,,,,,,,,,,,,,,,,,,,,,,,,,,,,,,,,,,,,,,,,
2009/11/26,,,,,,,,,,,,,,,,,,,,,,,,,,,,,,,,,,,,,,,,,,,,,,,
2009/11/27,,,,,,,,,,,,,,,,,,,,,,,,,,,,,,,,,,,,,,,,,,,,,,,
2009/11/28,,,,,,,,,,,,,,,,,,,,,,,,,,,,,,,,,,,,,,,,,,,,,,,
2009/11/29,,,,,,,,,,,,,,,,,,,,,,,,,,,,,,,,,,,,,,,,,,,,,,,
2009/11/30,,,,,,,,,,,,,,,,,,,,,,,,,,,,,,,,,,,,,,,,,,,,,,,
2009/12/01,,,,,,,,,,,,,,,,,,,,,,,,,,,,,,,,,,,,,,,,,,,,,,,
2009/12/02,,,,,,,,,,,,,,,,,,,,,,,,,,,,,,,,,,,,,,,,,,,,,,,
2009/12/03,,,,,,,,,,,,,,,,,,,,,,,,,,,,,,,,,,,,,,,,,,,,,,,
2009/12/04,,,,,,,,,,,,,,,,,,,,,,,,,,,,,,,,,,,,,,,,,,,,,,,
2009/12/05,,,,,,,,,,,,,,,,,,,,,,,,,,,,,,,,,,,,,,,,,,,,,,,
2009/12/06,,,,,,,,,,,,,,,,,,,,,,,,,,,,,,,,,,,,,,,,,,,,,,,
2009/12/07,,,,,,,,,,,,,,,,,,,,,,,,,,,,,,,,,,,,,,,,,,,,,,,
2009/12/08,,,,,,,,,,,,,,,,,,,,,,,,,,,,,,,,,,,,,,,,,,,,,,,
2009/12/09,,,,,,,,,,,,,,,,,,,,,,,,,,,,,,,,,,,,,,,,,,,,,,,
2009/12/10,,,,,,,,,,,,,,,,,,,,,,,,,,,,,,,,,,,,,,,,,,,,,,,
2009/12/11,,,,,,,,,,,,,,,,,,,,,,,,,,,,,,,,,,,,,,,,,,,,,,,
2009/12/12,,,,,,,,,,,,,,,,,,,,,,,,,,,,,,,,,,,,,,,,,,,,,,,
2009/12/13,,,,,,,,,,,,,,,,,,,,,,,,,,,,,,,,,,,,,,,,,,,,,,,
2009/12/14,,,,,,,,,,,,,,,,,,,,,,,,,,,,,,,,,,,,,,,,,,,,,,,
2009/12/15,,,,,,,,,,,,,,,,,,,,,,,,,,,,,,,,,,,,,,,,,,,,,,,
2009/12/16,,,,,,,,,,,,,,,,,,,,,,,,,,,,,,,,,,,,,,,,,,,,,,,
2009/12/17,,,,,,,,,,,,,,,,,,,,,,,,,,,,,,,,,,,,,,,,,,,,,,,
2009/12/18,,,,,,,,,,,,,,,,,,,,,,,,,,,,,,,,,,,,,,,,,,,,,,,
2009/12/19,,,,,,,,,,,,,,,,,,,,,,,,,,,,,,,,,,,,,,,,,,,,,,,
2009/12/20,,,,,,,,,,,,,,,,,,,,,,,,,,,,,,,,,,,,,,,,,,,,,,,
2009/12/21,,,,,,,,,,,,,,,,,,,,,,,,,,,,,,,,,,,,,,,,,,,,,,,
2009/12/22,,,,,,,,,,,,,,,,,,,,,,,,,,,,,,,,,,,,,,,,,,,,,,,
2009/12/23,,,,,,,,,,,,,,,,,,,,,,,,,,,,,,,,,,,,,,,,,,,,,,,
2009/12/24,,,,,,,,,,,,,,,,,,,,,,,,,,,,,,,,,,,,,,,,,,,,,,,
2009/12/25,,,,,,,,,,,,,,,,,,,,,,,,,,,,,,,,,,,,,,,,,,,,,,,
2009/12/26,,,,,,,,,,,,,,,,,,,,,,,,,,,,,,,,,,,,,,,,,,,,,,,
2009/12/27,,,,,,,,,,,,,,,,,,,,,,,,,,,,,,,,,,,,,,,,,,,,,,,
2009/12/28,,,,,,,,,,,,,,,,,,,,,,,,,,,,,,,,,,,,,,,,,,,,,,,
2009/12/29,,,,,,,,,,,,,,,,,,,,,,,,,,,,,,,,,,,,,,,,,,,,,,,
2009/12/30,,,,,,,,,,,,,,,,,,,,,,,,,,,,,,,,,,,,,,,,,,,,,,,
2009/12/31,,,,,,,,,,,,,,,,,,,,,,,,,,,,,,,,,,,,,,,,,,,,,,,
